part,code,status,detail
1,voit3jakr51l,punya-pemutar,"Naruto Kecil — Ep 01.mp4"
2,u4itheitk263,punya-pemutar,"Naruto Kecil — Ep 02.mp4"
3,g7x8jpb0oser,punya-pemutar,"Naruto Kecil — Ep 03.mp4"
4,35q4z8niibv3,punya-pemutar,"Naruto Kecil — Ep 04.mp4"
5,v36pt2wxn234,punya-pemutar,"Naruto Kecil — Ep 05.mp4"
6,oirvvl03s46m,punya-pemutar,"Naruto Kecil — Ep 06.mp4"
7,4n5i00ztxlnw,punya-pemutar,"Naruto Kecil — Ep 07.mp4"
8,081wf51mjyzq,punya-pemutar,"Naruto Kecil — Ep 08.mp4"
9,cyxuntir3r52,punya-pemutar,"Naruto Kecil — Ep 09.mp4"
10,zbk0osulowby,punya-pemutar,"Naruto Kecil — Ep 10.mp4"
11,u2qtetolqjzx,punya-pemutar,"Naruto Kecil — Ep 11.mp4"
12,nyv2syirtv2g,punya-pemutar,"Naruto Kecil — Ep 12.mp4"

13,0dmbg8o9qgc7,punya-pemutar,"Naruto Kecil — Ep 13.mp4"
14,6sp7w5aodsbn,punya-pemutar,"Naruto Kecil — Ep 14.mp4"
15,2lzyer2z1o3t,punya-pemutar,"Naruto Kecil — Ep 15.mp4"
16,4ucgwk4pwas1,punya-pemutar,"Naruto Kecil — Ep 16.mp4"
17,e7ha6rzgwh60,punya-pemutar,"Naruto Kecil — Ep 17.mp4"
18,8hn3e2ok9ulw,punya-pemutar,"Naruto Kecil — Ep 18.mp4"
19,5heqwuinv3er,punya-pemutar,"Naruto Kecil — Ep 19.mp4"
20,on38b0qwqfhr,punya-pemutar,"Naruto Kecil — Ep 20.mp4"
21,xuoavojgrnks,punya-pemutar,"Naruto Kecil — Ep 21.mp4"
22,jm6y4pz07q2e,punya-pemutar,"Naruto Kecil — Ep 22.mp4"
23,okf253ofey3m,punya-pemutar,"Naruto Kecil — Ep 23.mp4"
24,7b6y9d3twcjq,punya-pemutar,"Naruto Kecil — Ep 24.mp4"
25,ecvgg6385yk8,punya-pemutar,"Naruto Kecil — Ep 25.mp4"
26,5zxk2r9o929q,punya-pemutar,"Naruto Kecil — Ep 26.mp4"
27,3aoyyhd39q01,punya-pemutar,"Naruto Kecil — Ep 27.mp4"
28,1iuvsuc3leyv,punya-pemutar,"Naruto Kecil — Ep 28.mp4"
29,r3k1fgjdn69b,punya-pemutar,"Naruto Kecil — Ep 29.mp4"
30,5kj37f4mxf1a,punya-pemutar,"Naruto Kecil — Ep 30.mp4"
31,b1fh9li7ylcj,punya-pemutar,"Naruto Kecil — Ep 31.mp4"
32,355p61jpe6gx,punya-pemutar,"Naruto Kecil — Ep 32.mp4"
33,r7mloi77mk4b,punya-pemutar,"Naruto Kecil — Ep 33.mp4"
34,hz8i2c81c0gl,punya-pemutar,"Naruto Kecil — Ep 34.mp4"
35,smb7gt5fmqbx,punya-pemutar,"Naruto Kecil — Ep 35.mp4"
36,z8fcwry4mmlt,punya-pemutar,"Naruto Kecil — Ep 36.mp4"
37,4mtf2eyvi2rg,punya-pemutar,"Naruto Kecil — Ep 37.mp4"
38,baaqi520jja2,punya-pemutar,"Naruto Kecil — Ep 38.mp4"
39,1kjji01rdd09,punya-pemutar,"Naruto Kecil — Ep 39.mp4"
40,h8w1o7y6rq1p,punya-pemutar,"Naruto Kecil — Ep 40.mp4"
41,6y0h0clpk3v2,punya-pemutar,"Naruto Kecil — Ep 41.mp4"
42,6uiszsbxwz3e,punya-pemutar,"Naruto Kecil — Ep 42.mp4"
43,38yojpnbpn8i,punya-pemutar,"Naruto Kecil — Ep 43.mp4"
44,bjmu0n601rq8,punya-pemutar,"Naruto Kecil — Ep 44.mp4"
45,lqwuge6jjit5,punya-pemutar,"Naruto Kecil — Ep 45.mp4"
46,e2afkw6bgd5w,punya-pemutar,"Naruto Kecil — Ep 46.mp4"
47,05ebbtuvv57h,punya-pemutar,"Naruto Kecil — Ep 47.mp4"
48,3tm5koh2qopq,punya-pemutar,"Naruto Kecil — Ep 48.mp4"
49,eyn0zbrz3qsz,punya-pemutar,"Naruto Kecil — Ep 49.mp4"
50,j8l7row0h5bn,punya-pemutar,"Naruto Kecil — Ep 50.mp4"
51,b0n6tgm42ee3,punya-pemutar,"Naruto Kecil — Ep 51.mp4"
52,ob3rpfdyjfdp,punya-pemutar,"Naruto Kecil — Ep 52.mp4"
53,4gbxxgtmfqfo,punya-pemutar,"Naruto Kecil — Ep 53.mp4"
54,d89mlztpnxxc,punya-pemutar,"Naruto Kecil — Ep 54.mp4"
55,zwh4yo953wfr,punya-pemutar,"Naruto Kecil — Ep 55.mp4"
56,thneeo5qbn1z,punya-pemutar,"Naruto Kecil — Ep 56.mp4"
57,b9od6a2w8xnp,punya-pemutar,"Naruto Kecil — Ep 57.mp4"
58,eadg28uufhaq,punya-pemutar,"Naruto Kecil — Ep 58.mp4"
59,342c1uzqqxsu,punya-pemutar,"Naruto Kecil — Ep 59.mp4"
60,wb8y41m0o8i1,punya-pemutar,"Naruto Kecil — Ep 60.mp4"

61,nwk4enyt6ne2,punya-pemutar,"Naruto Kecil — Ep 61.mp4"
62,5lb735tcguyg,punya-pemutar,"Naruto Kecil — Ep 62.mp4"
63,ma4oq76b169w,punya-pemutar,"Naruto Kecil — Ep 63.mp4"
64,sctg4lqaf4sw,punya-pemutar,"Naruto Kecil — Ep 64.mp4"
65,p4dj75r2t9nw,punya-pemutar,"Naruto Kecil — Ep 65.mp4"
66,6kbzhhz8gqnc,punya-pemutar,"Naruto Kecil — Ep 66.mp4"
67,71nbgxi9zzfv,punya-pemutar,"Naruto Kecil — Ep 67.mp4"
68,jr34orq4uo62,punya-pemutar,"Naruto Kecil — Ep 68.mp4"
69,bwji3nkc58qu,punya-pemutar,"Naruto Kecil — Ep 69.mp4"
70,m42t07onbqxw,punya-pemutar,"Naruto Kecil — Ep 70.mp4"
71,ngnm871x6k6l,punya-pemutar,"Naruto Kecil — Ep 71.mp4"
72,ess1bamuy2ez,punya-pemutar,"Naruto Kecil — Ep 72.mp4"
73,l156ku927t74,punya-pemutar,"Naruto Kecil — Ep 73.mp4"
74,85hjqh3al745,punya-pemutar,"Naruto Kecil — Ep 74.mp4"
75,9yqix8x8fdom,punya-pemutar,"Naruto Kecil — Ep 75.mp4"
76,mvy91cqep1y0,punya-pemutar,"Naruto Kecil — Ep 76.mp4"
77,yn9rjn9shdpb,punya-pemutar,"Naruto Kecil — Ep 77.mp4"
78,1ah5ov41j4p2,punya-pemutar,"Naruto Kecil — Ep 78.mp4"
79,mo3obof7ck0m,punya-pemutar,"Naruto Kecil — Ep 79.mp4"
80,xijg4tl5hff2,punya-pemutar,"Naruto Kecil — Ep 80.mp4"
81,j5pqu2lbxt92,punya-pemutar,"Naruto Kecil — Ep 81.mp4"
82,r2tmy5g2u9cc,punya-pemutar,"Naruto Kecil — Ep 82.mp4"
83,0nd8vney3cr1,punya-pemutar,"Naruto Kecil — Ep 83.mp4"
84,d5rip5y55q7d,punya-pemutar,"Naruto Kecil — Ep 84.mp4"
85,qk250i69c82c,punya-pemutar,"Naruto Kecil — Ep 85.mp4"
86,6a8wgtax0jwr,punya-pemutar,"Naruto Kecil — Ep 86.mp4"
87,b0h8v7jn4adj,punya-pemutar,"Naruto Kecil — Ep 87.mp4"
88,48famutlx15g,punya-pemutar,"Naruto Kecil — Ep 88.mp4"
89,93l7yq7ibb6q,punya-pemutar,"Naruto Kecil — Ep 89.mp4"
90,sf51cun5hwff,punya-pemutar,"Naruto Kecil — Ep 90.mp4"
91,t27l3l447aup,punya-pemutar,"Naruto Kecil — Ep 91.mp4"
92,t4wd9i03wnjn,punya-pemutar,"Naruto Kecil — Ep 92.mp4"
93,buyqp0f7r39i,punya-pemutar,"Naruto Kecil — Ep 93.mp4"
94,8jzzyb5fwnln,punya-pemutar,"Naruto Kecil — Ep 94.mp4"
95,rf0436psra47,punya-pemutar,"Naruto Kecil — Ep 95.mp4"
96,up9hybjm8k1s,punya-pemutar,"Naruto Kecil — Ep 96.mp4"
97,sr8wzocn3a07,punya-pemutar,"Naruto Kecil — Ep 97.mp4"
98,qditpcsftmqg,punya-pemutar,"Naruto Kecil — Ep 98.mp4"
99,ekjhrjozfqae,punya-pemutar,"Naruto Kecil — Ep 99.mp4"
100,so5ndnre14qy,punya-pemutar,"Naruto Kecil — Ep 100.mp4"
101,4ez23bzbo5kd,punya-pemutar,"Naruto Kecil — Ep 101.mp4"
102,q7a1jt6hkji3,punya-pemutar,"Naruto Kecil — Ep 102.mp4"
103,5iy78ocspdb6,punya-pemutar,"Naruto Kecil — Ep 103.mp4"
104,g47z07r9x8wn,punya-pemutar,"Naruto Kecil — Ep 104.mp4"
105,n7o9cvuxpsq4,punya-pemutar,"Naruto Kecil — Ep 105.mp4"
106,kg4vwchlhllg,punya-pemutar,"Naruto Kecil — Ep 106.mp4"
107,x4fhioxlfk5v,punya-pemutar,"Naruto Kecil — Ep 107.mp4"
108,fj67p9suwpzl,punya-pemutar,"Naruto Kecil — Ep 108.mp4"
109,mskbs6wt5zqh,punya-pemutar,"Naruto Kecil — Ep 109.mp4"
110,1q52u0fs87ih,punya-pemutar,"Naruto Kecil — Ep 110.mp4"

111,e08oob49iq47,punya-pemutar,"Naruto Kecil — Ep 111.mp4"
112,680e5vgwxj0p,punya-pemutar,"Naruto Kecil — Ep 112.mp4"
113,cutfe8jhslzd,punya-pemutar,"Naruto Kecil — Ep 113.mp4"
114,6o1ig8fqecka,punya-pemutar,"Naruto Kecil — Ep 114.mp4"
115,lqnvef0x1l69,punya-pemutar,"Naruto Kecil — Ep 115.mp4"
116,28keq1mq4dqo,punya-pemutar,"Naruto Kecil — Ep 116.mp4"
117,65ga9jz1jied,punya-pemutar,"Naruto Kecil — Ep 117.mp4"
118,1b9157na1rll,punya-pemutar,"Naruto Kecil — Ep 118.mp4"
119,eu2mzr9ksy6s,punya-pemutar,"Naruto Kecil — Ep 119.mp4"
120,pdccgjh179u9,punya-pemutar,"Naruto Kecil — Ep 120.mp4"
121,ron84ampwx0t,punya-pemutar,"Naruto Kecil — Ep 121.mp4"
122,tu12yrpbhi5t,punya-pemutar,"Naruto Kecil — Ep 122.mp4"
123,pbn2slj93cq2,punya-pemutar,"Naruto Kecil — Ep 123.mp4"
124,nck5381r104l,punya-pemutar,"Naruto Kecil — Ep 124.mp4"
125,dff6h6cjocc9,punya-pemutar,"Naruto Kecil — Ep 125.mp4"
126,i8f3cn6n2dse,punya-pemutar,"Naruto Kecil — Ep 126.mp4"
127,4kqlb3gqgb8f,punya-pemutar,"Naruto Kecil — Ep 127.mp4"
128,cnu1sogmc2go,punya-pemutar,"Naruto Kecil — Ep 128.mp4"
129,gzriybv3227i,punya-pemutar,"Naruto Kecil — Ep 129.mp4"
130,tcd5g9y1dntf,punya-pemutar,"Naruto Kecil — Ep 130.mp4"
131,be3a70fuemmp,punya-pemutar,"Naruto Kecil — Ep 131.mp4"
132,f03amdx9f2yv,punya-pemutar,"Naruto Kecil — Ep 132.mp4"
133,dxoqpd3ql5r3,punya-pemutar,"Naruto Kecil — Ep 133.mp4"
134,h1gog8uem9tp,punya-pemutar,"Naruto Kecil — Ep 134.mp4"
135,e0w5p594zox6,punya-pemutar,"Naruto Kecil — Ep 135.mp4"
136,rweyc6ou3fnm,punya-pemutar,"Naruto Kecil — Ep 136.mp4"
137,mjmkygrct2qv,punya-pemutar,"Naruto Kecil — Ep 137.mp4"
138,b5rukxvrnk2b,punya-pemutar,"Naruto Kecil — Ep 138.mp4"
139,7av88h1a9vol,punya-pemutar,"Naruto Kecil — Ep 139.mp4"
140,zma7e7yqioxa,punya-pemutar,"Naruto Kecil — Ep 140.mp4"
141,mckbzr8x5zkj,punya-pemutar,"Naruto Kecil — Ep 141.mp4"
142,7dyufna509hx,punya-pemutar,"Naruto Kecil — Ep 142.mp4"
143,ky25fudojtxx,punya-pemutar,"Naruto Kecil — Ep 143.mp4"
144,mr41tdts1zss,punya-pemutar,"Naruto Kecil — Ep 144.mp4"
145,cf4jqxt9as4p,punya-pemutar,"Naruto Kecil — Ep 145.mp4"
146,ivq6xi1oj4ch,punya-pemutar,"Naruto Kecil — Ep 146.mp4"
147,nf8h32bjq2v0,punya-pemutar,"Naruto Kecil — Ep 147.mp4"
148,jl6k4a49opfk,punya-pemutar,"Naruto Kecil — Ep 148.mp4"
149,01w5xlozbpsg,punya-pemutar,"Naruto Kecil — Ep 149.mp4"
150,86ecjqqo4v9j,punya-pemutar,"Naruto Kecil — Ep 150.mp4"
151,8dqabwx4pzh0,punya-pemutar,"Naruto Kecil — Ep 151.mp4"
152,z6hjpvp0ht01,punya-pemutar,"Naruto Kecil — Ep 152.mp4"
153,r2xyce2dw7zm,punya-pemutar,"Naruto Kecil — Ep 153.mp4"
154,dh2sck3jai1b,punya-pemutar,"Naruto Kecil — Ep 154.mp4"
155,63cj3m601yh0,punya-pemutar,"Naruto Kecil — Ep 155.mp4"
156,qb1nrvf2j1bm,punya-pemutar,"Naruto Kecil — Ep 156.mp4"
157,kwwqiu9l7fwk,punya-pemutar,"Naruto Kecil — Ep 157.mp4"
158,rx58zzaof9sn,punya-pemutar,"Naruto Kecil — Ep 158.mp4"
159,ldg9znwqgl8h,punya-pemutar,"Naruto Kecil — Ep 159.mp4"
160,hftvjxmok3ws,punya-pemutar,"Naruto Kecil — Ep 160.mp4"
161,u7o66exko4gv,punya-pemutar,"Naruto Kecil — Ep 161.mp4"
162,m9mxixjv1wa3,punya-pemutar,"Naruto Kecil — Ep 162.mp4"
163,g1aaxkmbcios,punya-pemutar,"Naruto Kecil — Ep 163.mp4"
164,1tavs66vs363,punya-pemutar,"Naruto Kecil — Ep 164.mp4"
165,j1lzkihpjmbf,punya-pemutar,"Naruto Kecil — Ep 165.mp4"

166,1i4g9f1dj4kl,punya-pemutar,"Naruto Kecil — Ep 166.mp4"
167,12qhhxxjcfqb,punya-pemutar,"Naruto Kecil — Ep 167.mp4"
168,hj9sguluo51y,punya-pemutar,"Naruto Kecil — Ep 168.mp4"
169,gfj3qyfmyzpd,punya-pemutar,"Naruto Kecil — Ep 169.mp4"
170,t6p7a3cma9dl,punya-pemutar,"Naruto Kecil — Ep 170.mp4"
171,s58n4ixiz7io,punya-pemutar,"Naruto Kecil — Ep 171.mp4"
172,cox83pd61wno,punya-pemutar,"Naruto Kecil — Ep 172.mp4"
173,lkypifuwcrjw,punya-pemutar,"Naruto Kecil — Ep 173.mp4"
174,jcxo2h36i8gw,punya-pemutar,"Naruto Kecil — Ep 174.mp4"
175,78nqduxcynsv,punya-pemutar,"Naruto Kecil — Ep 175.mp4"
176,3lgfnpbggckx,punya-pemutar,"Naruto Kecil — Ep 176.mp4"
177,3jvwn26l88p6,punya-pemutar,"Naruto Kecil — Ep 177.mp4"
178,4va8jk6rhob2,punya-pemutar,"Naruto Kecil — Ep 178.mp4"
179,yf3q0zmahks6,punya-pemutar,"Naruto Kecil — Ep 179.mp4"
180,we147ppo4ows,punya-pemutar,"Naruto Kecil — Ep 180.mp4"
181,6k5uqtwb76ax,punya-pemutar,"Naruto Kecil — Ep 181.mp4"
182,iceytf1i0y4d,punya-pemutar,"Naruto Kecil — Ep 182.mp4"
183,wzmsdzd7kjlv,punya-pemutar,"Naruto Kecil — Ep 183.mp4"
184,jd1amgrsa9jl,punya-pemutar,"Naruto Kecil — Ep 184.mp4"
185,6rpjmjlmjdkn,punya-pemutar,"Naruto Kecil — Ep 185.mp4"
186,w91l5xlb9jtb,punya-pemutar,"Naruto Kecil — Ep 186.mp4"
187,poljb5gcuvq1,punya-pemutar,"Naruto Kecil — Ep 187.mp4"
188,xyebxqv90zhn,punya-pemutar,"Naruto Kecil — Ep 188.mp4"
189,l6polb5g0vnn,punya-pemutar,"Naruto Kecil — Ep 189.mp4"
190,y0v0dwgcwu1d,punya-pemutar,"Naruto Kecil — Ep 190.mp4"
191,daevkv1h13q6,punya-pemutar,"Naruto Kecil — Ep 191.mp4"
192,ra7ucf1hzkuw,punya-pemutar,"Naruto Kecil — Ep 192.mp4"
193,po1yns89tm62,punya-pemutar,"Naruto Kecil — Ep 193.mp4"
194,a39awbrs1ujj,punya-pemutar,"Naruto Kecil — Ep 194.mp4"
195,vji46fp259dy,punya-pemutar,"Naruto Kecil — Ep 195.mp4"
196,jx0xop309xi0,punya-pemutar,"Naruto Kecil — Ep 196.mp4"
197,5kafkytdrxx1,punya-pemutar,"Naruto Kecil — Ep 197.mp4"
198,m8cqhhq59bb1,punya-pemutar,"Naruto Kecil — Ep 198.mp4"
199,qqrnq1w6xnim,punya-pemutar,"Naruto Kecil — Ep 199.mp4"
200,6fyaw1duveem,punya-pemutar,"Naruto Kecil — Ep 200.mp4"
201,3i44rtpgs1x5,punya-pemutar,"Naruto Kecil — Ep 201.mp4"
202,cy3g3419z2z1,punya-pemutar,"Naruto Kecil — Ep 202.mp4"
203,xrn4m49pu6uz,punya-pemutar,"Naruto Kecil — Ep 203.mp4"
204,tdy9mkic1k2o,punya-pemutar,"Naruto Kecil — Ep 204.mp4"
205,cadu83al6v4l,punya-pemutar,"Naruto Kecil — Ep 205.mp4"
206,dgsd8zrqdkpw,punya-pemutar,"Naruto Kecil — Ep 206.mp4"
207,6bgfgowcet87,punya-pemutar,"Naruto Kecil — Ep 207.mp4"
208,5nvjttapiy1x,punya-pemutar,"Naruto Kecil — Ep 208.mp4"
209,4vf6gxoqdxgs,punya-pemutar,"Naruto Kecil — Ep 209.mp4"
210,nezofp18cgaw,punya-pemutar,"Naruto Kecil — Ep 210.mp4"
211,adwrod11f1xt,punya-pemutar,"Naruto Kecil — Ep 211.mp4"
212,usqa4zlltw9y,punya-pemutar,"Naruto Kecil — Ep 212.mp4"
213,5iux44mnipqs,punya-pemutar,"Naruto Kecil — Ep 213.mp4"
214,d2aykmmwsw38,punya-pemutar,"Naruto Kecil — Ep 214.mp4"
215,lifhpuje0r4f,punya-pemutar,"Naruto Kecil — Ep 215.mp4"
216,slzolmbhvrlv,punya-pemutar,"Naruto Kecil — Ep 216.mp4"
217,uy5jdw04hkue,punya-pemutar,"Naruto Kecil — Ep 217.mp4"
218,gegvcz4dt26a,punya-pemutar,"Naruto Kecil — Ep 218.mp4"
219,f4qdipctrwl8,punya-pemutar,"Naruto Kecil — Ep 219.mp4"
220,g9dt8cr11bqj,punya-pemutar,"Naruto Kecil — Ep 220.mp4"
